AAAAAAA,1
Actual,10
Advertisement,10
AliExpres,1
Backpack,1
Capital,1
Flooding,1
Green,1
Gulf,2
Lisa,1
Madagascar,1
Mexico,1
Mona,1
News,27
Private,10
Rainy,1
Sale,16
Scorcher,1
Set,1
Still,1
Sunny,1
USA,1
Visa,16
a,20
aa,4
aliexpres,4
asian,5
backpack,4
bb,4
be,4
best,5
closed,4
cloudy,1
day,5
days,11
discount,16
fly,1
for,21
got,5
gulf,8
has,4
in,1
is,16
jets,1
jfjfjfjfjf,1
left,10
library,4
lisa,4
market,4
marketplace,5
mexico,4
mona,4
next,1
of,16
off,4
payment,16
plates,5
renamed,5
reword,5
set,4
suburb,1
the,19
there,16
to,5
trees,1
usa,4
was,5
will,4
